{"_step":1,"lr":0.0005,"val_loss":2.66173056678023,"_runtime":635,"_wandb":{"runtime":635},"epoch":2,"train_acc":0.2649469805219222,"train_loss":2.7230423262417474,"_timestamp":1.768656328433995e+09,"val_acc":0.2965470548408937}