{"_wandb":{"runtime":632},"_timestamp":1.7686552327673721e+09,"train_acc":0.3118748589907498,"val_loss":2.4949020898737615,"_step":2,"val_acc":0.3310765064319567,"_runtime":632.19443275,"lr":0.0005,"train_loss":2.543704947484313}
