{"_timestamp":1.768660499347153e+09,"_runtime":2497,"train_acc":0.9847333985109423,"val_loss":4.211252808570862,"_step":6,"train_loss":0.0700611932926127,"_wandb":{"runtime":2497},"epoch":7,"val_acc":0.35748138117806366,"lr":0.0005}
